{
  "dataset_revision": "8731a845f1bf500a4f111cf1070785c793d10e64",
  "evaluation_time": 1082.456060409546,
  "kg_co2_emissions": null,
  "mteb_version": "1.12.93",
  "scores": {
    "dev": [
      {
        "hf_subset": "default",
        "languages": [
          "cmn-Hans"
        ],
        "main_score": 0.01646,
        "map_at_1": 0.00381,
        "map_at_10": 0.00797,
        "map_at_100": 0.01076,
        "map_at_1000": 0.01189,
        "map_at_20": 0.00898,
        "map_at_3": 0.00584,
        "map_at_5": 0.00676,
        "mrr_at_1": 0.015781167806417674,
        "mrr_at_10": 0.031004080280776797,
        "mrr_at_100": 0.03767596172040725,
        "mrr_at_1000": 0.03891947120593478,
        "mrr_at_20": 0.03392282774879193,
        "mrr_at_3": 0.023795955345139938,
        "mrr_at_5": 0.027230551171897863,
        "nauc_map_at_1000_diff1": 0.08213595922246922,
        "nauc_map_at_1000_max": -0.08489915087907647,
        "nauc_map_at_1000_std": 0.038905502288792124,
        "nauc_map_at_100_diff1": 0.08488045485299653,
        "nauc_map_at_100_max": -0.0872648326945378,
        "nauc_map_at_100_std": 0.03779916816473149,
        "nauc_map_at_10_diff1": 0.10775091116382517,
        "nauc_map_at_10_max": -0.08528697406140698,
        "nauc_map_at_10_std": 0.05423568056747565,
        "nauc_map_at_1_diff1": 0.23123964810434777,
        "nauc_map_at_1_max": -0.01885451459766999,
        "nauc_map_at_1_std": 0.12998862244011777,
        "nauc_map_at_20_diff1": 0.09614575191668133,
        "nauc_map_at_20_max": -0.08733763855849468,
        "nauc_map_at_20_std": 0.04277255810294626,
        "nauc_map_at_3_diff1": 0.15436203811797547,
        "nauc_map_at_3_max": -0.0596877049703078,
        "nauc_map_at_3_std": 0.08909639682432405,
        "nauc_map_at_5_diff1": 0.127626617451401,
        "nauc_map_at_5_max": -0.07239966424426661,
        "nauc_map_at_5_std": 0.07364627004678534,
        "nauc_mrr_at_1000_diff1": 0.08149467535446485,
        "nauc_mrr_at_1000_max": -0.07950221434199115,
        "nauc_mrr_at_1000_std": 0.0036506592980282996,
        "nauc_mrr_at_100_diff1": 0.08156037108008185,
        "nauc_mrr_at_100_max": -0.08080600998328259,
        "nauc_mrr_at_100_std": 0.002988730739711313,
        "nauc_mrr_at_10_diff1": 0.09143339706461388,
        "nauc_mrr_at_10_max": -0.08998165913955582,
        "nauc_mrr_at_10_std": 0.009515099777908405,
        "nauc_mrr_at_1_diff1": 0.18329634801082348,
        "nauc_mrr_at_1_max": -0.052253695425509526,
        "nauc_mrr_at_1_std": 0.04789146361335057,
        "nauc_mrr_at_20_diff1": 0.08483690526307681,
        "nauc_mrr_at_20_max": -0.08726945331348007,
        "nauc_mrr_at_20_std": 0.004552688351464615,
        "nauc_mrr_at_3_diff1": 0.12571428659982897,
        "nauc_mrr_at_3_max": -0.0797845956819652,
        "nauc_mrr_at_3_std": 0.02417963149101451,
        "nauc_mrr_at_5_diff1": 0.10432383469395028,
        "nauc_mrr_at_5_max": -0.08811357578330237,
        "nauc_mrr_at_5_std": 0.018821905261864665,
        "nauc_ndcg_at_1000_diff1": 0.039302019025521905,
        "nauc_ndcg_at_1000_max": -0.052598371498249516,
        "nauc_ndcg_at_1000_std": 0.026863977054283027,
        "nauc_ndcg_at_100_diff1": 0.041388713816216234,
        "nauc_ndcg_at_100_max": -0.08080750589460402,
        "nauc_ndcg_at_100_std": 0.0054556326371222675,
        "nauc_ndcg_at_10_diff1": 0.07179320717547709,
        "nauc_ndcg_at_10_max": -0.10141007156624908,
        "nauc_ndcg_at_10_std": 0.01710872267322529,
        "nauc_ndcg_at_1_diff1": 0.18329634801082348,
        "nauc_ndcg_at_1_max": -0.052253695425509526,
        "nauc_ndcg_at_1_std": 0.04789146361335057,
        "nauc_ndcg_at_20_diff1": 0.05624652001325507,
        "nauc_ndcg_at_20_max": -0.09803995424936508,
        "nauc_ndcg_at_20_std": 0.0038616141406980775,
        "nauc_ndcg_at_3_diff1": 0.11298143311307622,
        "nauc_ndcg_at_3_max": -0.0862870967897098,
        "nauc_ndcg_at_3_std": 0.027425194794510496,
        "nauc_ndcg_at_5_diff1": 0.0890178511714494,
        "nauc_ndcg_at_5_max": -0.09562830170185076,
        "nauc_ndcg_at_5_std": 0.027390477778780124,
        "nauc_precision_at_1000_diff1": 0.0361257456391244,
        "nauc_precision_at_1000_max": 0.010586181485860904,
        "nauc_precision_at_1000_std": -0.0007783982046173637,
        "nauc_precision_at_100_diff1": 0.021258214629822973,
        "nauc_precision_at_100_max": -0.06463835168794518,
        "nauc_precision_at_100_std": -0.03424914661334197,
        "nauc_precision_at_10_diff1": 0.026207426458827274,
        "nauc_precision_at_10_max": -0.1261700203979235,
        "nauc_precision_at_10_std": -0.03297653415192213,
        "nauc_precision_at_1_diff1": 0.18329634801082348,
        "nauc_precision_at_1_max": -0.052253695425509526,
        "nauc_precision_at_1_std": 0.04789146361335057,
        "nauc_precision_at_20_diff1": 0.019326757939746718,
        "nauc_precision_at_20_max": -0.10848155343846053,
        "nauc_precision_at_20_std": -0.04736963038391109,
        "nauc_precision_at_3_diff1": 0.08233483292618311,
        "nauc_precision_at_3_max": -0.10559774913262142,
        "nauc_precision_at_3_std": 0.00292853796189321,
        "nauc_precision_at_5_diff1": 0.044635217726794324,
        "nauc_precision_at_5_max": -0.12298178253134683,
        "nauc_precision_at_5_std": -0.011240153729713622,
        "nauc_recall_at_1000_diff1": 0.010181720786069338,
        "nauc_recall_at_1000_max": -0.04367219552697024,
        "nauc_recall_at_1000_std": 0.05763438112491596,
        "nauc_recall_at_100_diff1": 0.012398028853477933,
        "nauc_recall_at_100_max": -0.07594903453487546,
        "nauc_recall_at_100_std": 0.016323980833980376,
        "nauc_recall_at_10_diff1": 0.03930159409243181,
        "nauc_recall_at_10_max": -0.11164598376116287,
        "nauc_recall_at_10_std": 0.007053904147600749,
        "nauc_recall_at_1_diff1": 0.23123964810434777,
        "nauc_recall_at_1_max": -0.01885451459766999,
        "nauc_recall_at_1_std": 0.12998862244011777,
        "nauc_recall_at_20_diff1": 0.021914737143922502,
        "nauc_recall_at_20_max": -0.1067781678080918,
        "nauc_recall_at_20_std": -0.005214754085508761,
        "nauc_recall_at_3_diff1": 0.11151825884161767,
        "nauc_recall_at_3_max": -0.07874351220405726,
        "nauc_recall_at_3_std": 0.06535086383082007,
        "nauc_recall_at_5_diff1": 0.06528105151288986,
        "nauc_recall_at_5_max": -0.09836266933535909,
        "nauc_recall_at_5_std": 0.04369979357809363,
        "ndcg_at_1": 0.01578,
        "ndcg_at_10": 0.01646,
        "ndcg_at_100": 0.0372,
        "ndcg_at_1000": 0.07184,
        "ndcg_at_20": 0.02094,
        "ndcg_at_3": 0.01405,
        "ndcg_at_5": 0.01429,
        "precision_at_1": 0.01578,
        "precision_at_10": 0.00938,
        "precision_at_100": 0.00456,
        "precision_at_1000": 0.00141,
        "precision_at_20": 0.0078,
        "precision_at_3": 0.01232,
        "precision_at_5": 0.01112,
        "recall_at_1": 0.00381,
        "recall_at_10": 0.01955,
        "recall_at_100": 0.08635,
        "recall_at_1000": 0.26,
        "recall_at_20": 0.0311,
        "recall_at_3": 0.00835,
        "recall_at_5": 0.01202
      }
    ]
  },
  "task_name": "T2Retrieval"
}