{
  "dataset_revision": "8731a845f1bf500a4f111cf1070785c793d10e64",
  "evaluation_time": 1762.853438615799,
  "kg_co2_emissions": null,
  "mteb_version": "1.12.93",
  "scores": {
    "dev": [
      {
        "hf_subset": "default",
        "languages": [
          "cmn-Hans"
        ],
        "main_score": 0.8145,
        "map_at_1": 0.25975,
        "map_at_10": 0.73198,
        "map_at_100": 0.76833,
        "map_at_1000": 0.7692,
        "map_at_20": 0.75888,
        "map_at_3": 0.51407,
        "map_at_5": 0.63213,
        "mrr_at_1": 0.8720410310362967,
        "mrr_at_10": 0.9036388534021371,
        "mrr_at_100": 0.9047355178064616,
        "mrr_at_1000": 0.904781652544748,
        "mrr_at_20": 0.9043500824697397,
        "mrr_at_3": 0.898416038342392,
        "mrr_at_5": 0.9018944707463922,
        "nauc_map_at_1000_diff1": 0.13539831214157094,
        "nauc_map_at_1000_max": 0.44063437374459163,
        "nauc_map_at_1000_std": 0.2684845074873391,
        "nauc_map_at_100_diff1": 0.13542663103492902,
        "nauc_map_at_100_max": 0.43944091118375855,
        "nauc_map_at_100_std": 0.2674994731454764,
        "nauc_map_at_10_diff1": 0.17213183490851863,
        "nauc_map_at_10_max": 0.33822462506778206,
        "nauc_map_at_10_std": 0.12393207154809181,
        "nauc_map_at_1_diff1": 0.48839543352826903,
        "nauc_map_at_1_max": -0.2108158943390442,
        "nauc_map_at_1_std": -0.334555606501858,
        "nauc_map_at_20_diff1": 0.14026720019689654,
        "nauc_map_at_20_max": 0.41818346912762633,
        "nauc_map_at_20_std": 0.23693885760715294,
        "nauc_map_at_3_diff1": 0.35065577431711686,
        "nauc_map_at_3_max": -0.07138214799202226,
        "nauc_map_at_3_std": -0.2739616467700157,
        "nauc_map_at_5_diff1": 0.28042620322249623,
        "nauc_map_at_5_max": 0.09168009847847107,
        "nauc_map_at_5_std": -0.14615836593965587,
        "nauc_mrr_at_1000_diff1": 0.42688448503066734,
        "nauc_mrr_at_1000_max": 0.7393001767244566,
        "nauc_mrr_at_1000_std": 0.4647909888822214,
        "nauc_mrr_at_100_diff1": 0.4269212797837803,
        "nauc_mrr_at_100_max": 0.7393864846024838,
        "nauc_mrr_at_100_std": 0.4649595433301528,
        "nauc_mrr_at_10_diff1": 0.42686884323724217,
        "nauc_mrr_at_10_max": 0.740285349643083,
        "nauc_mrr_at_10_std": 0.4656988027743016,
        "nauc_mrr_at_1_diff1": 0.433474129798837,
        "nauc_mrr_at_1_max": 0.7097776709358841,
        "nauc_mrr_at_1_std": 0.41730818386152696,
        "nauc_mrr_at_20_diff1": 0.426776228974227,
        "nauc_mrr_at_20_max": 0.7396750068828789,
        "nauc_mrr_at_20_std": 0.4653496351926028,
        "nauc_mrr_at_3_diff1": 0.4226675412107208,
        "nauc_mrr_at_3_max": 0.737945040088287,
        "nauc_mrr_at_3_std": 0.4608044443101934,
        "nauc_mrr_at_5_diff1": 0.42709127390420226,
        "nauc_mrr_at_5_max": 0.7400025575094624,
        "nauc_mrr_at_5_std": 0.464364544851643,
        "nauc_ndcg_at_1000_diff1": 0.177624717812178,
        "nauc_ndcg_at_1000_max": 0.5581119881161921,
        "nauc_ndcg_at_1000_std": 0.3849117422115016,
        "nauc_ndcg_at_100_diff1": 0.17320086207509822,
        "nauc_ndcg_at_100_max": 0.5458769161610005,
        "nauc_ndcg_at_100_std": 0.38068757873304127,
        "nauc_ndcg_at_10_diff1": 0.1720485226126483,
        "nauc_ndcg_at_10_max": 0.4632713350968761,
        "nauc_ndcg_at_10_std": 0.2788493539932129,
        "nauc_ndcg_at_1_diff1": 0.433474129798837,
        "nauc_ndcg_at_1_max": 0.7097776709358841,
        "nauc_ndcg_at_1_std": 0.41730818386152696,
        "nauc_ndcg_at_20_diff1": 0.17044407942283768,
        "nauc_ndcg_at_20_max": 0.4986631269427737,
        "nauc_ndcg_at_20_std": 0.321474565410425,
        "nauc_ndcg_at_3_diff1": 0.1337346929335521,
        "nauc_ndcg_at_3_max": 0.5987114120251871,
        "nauc_ndcg_at_3_std": 0.3938696357926932,
        "nauc_ndcg_at_5_diff1": 0.1380748897872593,
        "nauc_ndcg_at_5_max": 0.533035795914654,
        "nauc_ndcg_at_5_std": 0.34559109184770037,
        "nauc_precision_at_1000_diff1": -0.3056098129988056,
        "nauc_precision_at_1000_max": 0.4639115765305573,
        "nauc_precision_at_1000_std": 0.6122060087870419,
        "nauc_precision_at_100_diff1": -0.30534976142747294,
        "nauc_precision_at_100_max": 0.4836780665388041,
        "nauc_precision_at_100_std": 0.6320634598681315,
        "nauc_precision_at_10_diff1": -0.2990118993345892,
        "nauc_precision_at_10_max": 0.5316938889984489,
        "nauc_precision_at_10_std": 0.5983104457642947,
        "nauc_precision_at_1_diff1": 0.433474129798837,
        "nauc_precision_at_1_max": 0.7097776709358841,
        "nauc_precision_at_1_std": 0.41730818386152696,
        "nauc_precision_at_20_diff1": -0.3052845703378765,
        "nauc_precision_at_20_max": 0.5118923468092837,
        "nauc_precision_at_20_std": 0.6314225205231099,
        "nauc_precision_at_3_diff1": -0.22383521873493678,
        "nauc_precision_at_3_max": 0.6227110409278912,
        "nauc_precision_at_3_std": 0.5192131778894123,
        "nauc_precision_at_5_diff1": -0.2796275478087676,
        "nauc_precision_at_5_max": 0.58104031650049,
        "nauc_precision_at_5_std": 0.5531138186428346,
        "nauc_recall_at_1000_diff1": 0.11282656241109487,
        "nauc_recall_at_1000_max": 0.5659228191821173,
        "nauc_recall_at_1000_std": 0.6206160984657141,
        "nauc_recall_at_100_diff1": 0.09586723964444609,
        "nauc_recall_at_100_max": 0.46035431112061886,
        "nauc_recall_at_100_std": 0.463254914721006,
        "nauc_recall_at_10_diff1": 0.15611370636566355,
        "nauc_recall_at_10_max": 0.24631824670500022,
        "nauc_recall_at_10_std": 0.06335233680422572,
        "nauc_recall_at_1_diff1": 0.48839543352826903,
        "nauc_recall_at_1_max": -0.2108158943390442,
        "nauc_recall_at_1_std": -0.334555606501858,
        "nauc_recall_at_20_diff1": 0.10266971687203712,
        "nauc_recall_at_20_max": 0.3637828565640271,
        "nauc_recall_at_20_std": 0.260002466477828,
        "nauc_recall_at_3_diff1": 0.32944280298398376,
        "nauc_recall_at_3_max": -0.11961205580537279,
        "nauc_recall_at_3_std": -0.3038081332887659,
        "nauc_recall_at_5_diff1": 0.26948815276582366,
        "nauc_recall_at_5_max": 0.0059426594644756995,
        "nauc_recall_at_5_std": -0.2107662466728131,
        "ndcg_at_1": 0.87204,
        "ndcg_at_10": 0.8145,
        "ndcg_at_100": 0.85393,
        "ndcg_at_1000": 0.86262,
        "ndcg_at_20": 0.83278,
        "ndcg_at_3": 0.83045,
        "ndcg_at_5": 0.81528,
        "precision_at_1": 0.87204,
        "precision_at_10": 0.40676,
        "precision_at_100": 0.04922,
        "precision_at_1000": 0.00513,
        "precision_at_20": 0.22638,
        "precision_at_3": 0.72874,
        "precision_at_5": 0.61032,
        "recall_at_1": 0.25975,
        "recall_at_10": 0.80553,
        "recall_at_100": 0.93434,
        "recall_at_1000": 0.9784,
        "recall_at_20": 0.86684,
        "recall_at_3": 0.53398,
        "recall_at_5": 0.6719
      }
    ]
  },
  "task_name": "T2Retrieval"
}