{
  "dataset_revision": "8731a845f1bf500a4f111cf1070785c793d10e64",
  "evaluation_time": 1063.907033920288,
  "kg_co2_emissions": null,
  "mteb_version": "1.12.93",
  "scores": {
    "dev": [
      {
        "hf_subset": "default",
        "languages": [
          "cmn-Hans"
        ],
        "main_score": 0.01453,
        "map_at_1": 0.00376,
        "map_at_10": 0.00711,
        "map_at_100": 0.00968,
        "map_at_1000": 0.01089,
        "map_at_20": 0.008,
        "map_at_3": 0.00528,
        "map_at_5": 0.00604,
        "mrr_at_1": 0.015693494651937576,
        "mrr_at_10": 0.02801199034760324,
        "mrr_at_100": 0.03410748400164667,
        "mrr_at_1000": 0.0354641165688088,
        "mrr_at_20": 0.030538497559292176,
        "mrr_at_3": 0.021932900812437848,
        "mrr_at_5": 0.024604740195218883,
        "nauc_map_at_1000_diff1": 0.09852910638326742,
        "nauc_map_at_1000_max": -0.04607561537037705,
        "nauc_map_at_1000_std": 0.011070476101719686,
        "nauc_map_at_100_diff1": 0.1019606897316766,
        "nauc_map_at_100_max": -0.04820812902145764,
        "nauc_map_at_100_std": 0.009423976730278828,
        "nauc_map_at_10_diff1": 0.1284439133826912,
        "nauc_map_at_10_max": -0.025467542768207497,
        "nauc_map_at_10_std": 0.03365109782486734,
        "nauc_map_at_1_diff1": 0.21706470773102438,
        "nauc_map_at_1_max": 0.05037143303979906,
        "nauc_map_at_1_std": 0.08639202947284501,
        "nauc_map_at_20_diff1": 0.11658538656910233,
        "nauc_map_at_20_max": -0.0374549216143237,
        "nauc_map_at_20_std": 0.020425302352046672,
        "nauc_map_at_3_diff1": 0.16058134234679589,
        "nauc_map_at_3_max": 0.014862639284577641,
        "nauc_map_at_3_std": 0.06999475804092663,
        "nauc_map_at_5_diff1": 0.14315251962931164,
        "nauc_map_at_5_max": -0.00904439501283213,
        "nauc_map_at_5_std": 0.05769735088056776,
        "nauc_mrr_at_1000_diff1": 0.11350765490620958,
        "nauc_mrr_at_1000_max": -0.027478856420668513,
        "nauc_mrr_at_1000_std": -0.0004224641237139121,
        "nauc_mrr_at_100_diff1": 0.11359085774830278,
        "nauc_mrr_at_100_max": -0.029491225006485974,
        "nauc_mrr_at_100_std": -0.0012389548318374763,
        "nauc_mrr_at_10_diff1": 0.12992091024660068,
        "nauc_mrr_at_10_max": -0.026136987716098813,
        "nauc_mrr_at_10_std": 0.010952093160613779,
        "nauc_mrr_at_1_diff1": 0.2103063009810276,
        "nauc_mrr_at_1_max": 0.036609740719341206,
        "nauc_mrr_at_1_std": 0.04815098192021928,
        "nauc_mrr_at_20_diff1": 0.12089456243567229,
        "nauc_mrr_at_20_max": -0.030775143321577783,
        "nauc_mrr_at_20_std": 0.0023656257667938625,
        "nauc_mrr_at_3_diff1": 0.16008661438901045,
        "nauc_mrr_at_3_max": 0.0013505732697302307,
        "nauc_mrr_at_3_std": 0.031818850291422035,
        "nauc_mrr_at_5_diff1": 0.14373982055646015,
        "nauc_mrr_at_5_max": -0.013763239834462666,
        "nauc_mrr_at_5_std": 0.024749641147365595,
        "nauc_ndcg_at_1000_diff1": 0.0507070961234139,
        "nauc_ndcg_at_1000_max": -0.029163370145251513,
        "nauc_ndcg_at_1000_std": 0.00047842772928691365,
        "nauc_ndcg_at_100_diff1": 0.057024793131575297,
        "nauc_ndcg_at_100_max": -0.06688065313881532,
        "nauc_ndcg_at_100_std": -0.028404901181516624,
        "nauc_ndcg_at_10_diff1": 0.10390517796724741,
        "nauc_ndcg_at_10_max": -0.049878494513407694,
        "nauc_ndcg_at_10_std": 0.003203399641920113,
        "nauc_ndcg_at_1_diff1": 0.2103063009810276,
        "nauc_ndcg_at_1_max": 0.036609740719341206,
        "nauc_ndcg_at_1_std": 0.04815098192021928,
        "nauc_ndcg_at_20_diff1": 0.08430554083148363,
        "nauc_ndcg_at_20_max": -0.0638033135379903,
        "nauc_ndcg_at_20_std": -0.01714327808134888,
        "nauc_ndcg_at_3_diff1": 0.14053657535568434,
        "nauc_ndcg_at_3_max": -0.010230071431219841,
        "nauc_ndcg_at_3_std": 0.03175760819001884,
        "nauc_ndcg_at_5_diff1": 0.12086199771669145,
        "nauc_ndcg_at_5_max": -0.03351567826742307,
        "nauc_ndcg_at_5_std": 0.028615992802357524,
        "nauc_precision_at_1000_diff1": 0.04119158020181049,
        "nauc_precision_at_1000_max": 0.020532747026846435,
        "nauc_precision_at_1000_std": -0.0012032845369279444,
        "nauc_precision_at_100_diff1": 0.034386032062618144,
        "nauc_precision_at_100_max": -0.07652547971172716,
        "nauc_precision_at_100_std": -0.0630737128843571,
        "nauc_precision_at_10_diff1": 0.06632927047771466,
        "nauc_precision_at_10_max": -0.0911065005101136,
        "nauc_precision_at_10_std": -0.04278834580317132,
        "nauc_precision_at_1_diff1": 0.2103063009810276,
        "nauc_precision_at_1_max": 0.036609740719341206,
        "nauc_precision_at_1_std": 0.04815098192021928,
        "nauc_precision_at_20_diff1": 0.04971991136714164,
        "nauc_precision_at_20_max": -0.09643030357416049,
        "nauc_precision_at_20_std": -0.06430381191062705,
        "nauc_precision_at_3_diff1": 0.11820855152938248,
        "nauc_precision_at_3_max": -0.03121865997058729,
        "nauc_precision_at_3_std": 0.01393859697600723,
        "nauc_precision_at_5_diff1": 0.08547248653316344,
        "nauc_precision_at_5_max": -0.07047055192049234,
        "nauc_precision_at_5_std": -0.0025714600606235737,
        "nauc_recall_at_1000_diff1": 0.01561417298675697,
        "nauc_recall_at_1000_max": -0.02773655996716945,
        "nauc_recall_at_1000_std": 0.02213239895725731,
        "nauc_recall_at_100_diff1": 0.020421102835743766,
        "nauc_recall_at_100_max": -0.07732892216229902,
        "nauc_recall_at_100_std": -0.03184396599315294,
        "nauc_recall_at_10_diff1": 0.07033085326015057,
        "nauc_recall_at_10_max": -0.07561232680355755,
        "nauc_recall_at_10_std": -0.01948579406321354,
        "nauc_recall_at_1_diff1": 0.21706470773102438,
        "nauc_recall_at_1_max": 0.05037143303979906,
        "nauc_recall_at_1_std": 0.08639202947284501,
        "nauc_recall_at_20_diff1": 0.04909002998440513,
        "nauc_recall_at_20_max": -0.09323687425669645,
        "nauc_recall_at_20_std": -0.039078411615661376,
        "nauc_recall_at_3_diff1": 0.1194491015281892,
        "nauc_recall_at_3_max": -0.006601894730779134,
        "nauc_recall_at_3_std": 0.05934857544924202,
        "nauc_recall_at_5_diff1": 0.09332171608123999,
        "nauc_recall_at_5_max": -0.05032253641476062,
        "nauc_recall_at_5_std": 0.03846987325530386,
        "ndcg_at_1": 0.01569,
        "ndcg_at_10": 0.01453,
        "ndcg_at_100": 0.03398,
        "ndcg_at_1000": 0.07107,
        "ndcg_at_20": 0.01845,
        "ndcg_at_3": 0.01263,
        "ndcg_at_5": 0.01253,
        "precision_at_1": 0.01569,
        "precision_at_10": 0.0081,
        "precision_at_100": 0.00419,
        "precision_at_1000": 0.00144,
        "precision_at_20": 0.00672,
        "precision_at_3": 0.01073,
        "precision_at_5": 0.00932,
        "recall_at_1": 0.00376,
        "recall_at_10": 0.01703,
        "recall_at_100": 0.08029,
        "recall_at_1000": 0.26646,
        "recall_at_20": 0.02735,
        "recall_at_3": 0.00719,
        "recall_at_5": 0.0102
      }
    ]
  },
  "task_name": "T2Retrieval"
}