{
  "dataset_revision": "8731a845f1bf500a4f111cf1070785c793d10e64",
  "evaluation_time": 1062.9462215900421,
  "kg_co2_emissions": null,
  "mteb_version": "1.12.93",
  "scores": {
    "dev": [
      {
        "hf_subset": "default",
        "languages": [
          "cmn-Hans"
        ],
        "main_score": 0.82824,
        "map_at_1": 0.27089,
        "map_at_10": 0.74989,
        "map_at_100": 0.78584,
        "map_at_1000": 0.78667,
        "map_at_20": 0.77674,
        "map_at_3": 0.53239,
        "map_at_5": 0.65071,
        "mrr_at_1": 0.8927318954935999,
        "mrr_at_10": 0.9173096553192563,
        "mrr_at_100": 0.9183008531891884,
        "mrr_at_1000": 0.9183432016607324,
        "mrr_at_20": 0.9179717317467202,
        "mrr_at_3": 0.912787129580921,
        "mrr_at_5": 0.9155992460108722,
        "nauc_map_at_1000_diff1": 0.1265760323846402,
        "nauc_map_at_1000_max": 0.49262251774254245,
        "nauc_map_at_1000_std": 0.19099237294298593,
        "nauc_map_at_100_diff1": 0.12663808214550687,
        "nauc_map_at_100_max": 0.49127285628109724,
        "nauc_map_at_100_std": 0.18988503518362576,
        "nauc_map_at_10_diff1": 0.16935775692260677,
        "nauc_map_at_10_max": 0.3722050967684451,
        "nauc_map_at_10_std": 0.036482956446884804,
        "nauc_map_at_1_diff1": 0.5266226003104235,
        "nauc_map_at_1_max": -0.23977416315585776,
        "nauc_map_at_1_std": -0.36957889416338374,
        "nauc_map_at_20_diff1": 0.13233846040615704,
        "nauc_map_at_20_max": 0.4672727030515929,
        "nauc_map_at_20_std": 0.15614190874485034,
        "nauc_map_at_3_diff1": 0.3838767758235019,
        "nauc_map_at_3_max": -0.09302077375999032,
        "nauc_map_at_3_std": -0.3381959142515499,
        "nauc_map_at_5_diff1": 0.2943467916293313,
        "nauc_map_at_5_max": 0.08561206004190645,
        "nauc_map_at_5_std": -0.2263948606955581,
        "nauc_mrr_at_1000_diff1": 0.48188210264268977,
        "nauc_mrr_at_1000_max": 0.815943890679221,
        "nauc_mrr_at_1000_std": 0.4141947740449979,
        "nauc_mrr_at_100_diff1": 0.4818822897134907,
        "nauc_mrr_at_100_max": 0.8160103108151328,
        "nauc_mrr_at_100_std": 0.4143312361821391,
        "nauc_mrr_at_10_diff1": 0.48184585472351465,
        "nauc_mrr_at_10_max": 0.8169598574448256,
        "nauc_mrr_at_10_std": 0.4151290511068676,
        "nauc_mrr_at_1_diff1": 0.4809957145802368,
        "nauc_mrr_at_1_max": 0.7862601219349934,
        "nauc_mrr_at_1_std": 0.36409909391009343,
        "nauc_mrr_at_20_diff1": 0.48190448691678983,
        "nauc_mrr_at_20_max": 0.8163838342834836,
        "nauc_mrr_at_20_std": 0.4147402366730005,
        "nauc_mrr_at_3_diff1": 0.48087556227183337,
        "nauc_mrr_at_3_max": 0.8146636387800394,
        "nauc_mrr_at_3_std": 0.4083633002579136,
        "nauc_mrr_at_5_diff1": 0.48211177244164266,
        "nauc_mrr_at_5_max": 0.8163997887115587,
        "nauc_mrr_at_5_std": 0.41265433439345156,
        "nauc_ndcg_at_1000_diff1": 0.17372498678666268,
        "nauc_ndcg_at_1000_max": 0.615077868352052,
        "nauc_ndcg_at_1000_std": 0.32022323679294,
        "nauc_ndcg_at_100_diff1": 0.1686929553976882,
        "nauc_ndcg_at_100_max": 0.6012341813739586,
        "nauc_ndcg_at_100_std": 0.31458062649451635,
        "nauc_ndcg_at_10_diff1": 0.16614251233807625,
        "nauc_ndcg_at_10_max": 0.5157829608114013,
        "nauc_ndcg_at_10_std": 0.20085766697686178,
        "nauc_ndcg_at_1_diff1": 0.4809957145802368,
        "nauc_ndcg_at_1_max": 0.7862601219349934,
        "nauc_ndcg_at_1_std": 0.36409909391009343,
        "nauc_ndcg_at_20_diff1": 0.16595367668405983,
        "nauc_ndcg_at_20_max": 0.551096386242936,
        "nauc_ndcg_at_20_std": 0.2475122102843894,
        "nauc_ndcg_at_3_diff1": 0.1331256529922364,
        "nauc_ndcg_at_3_max": 0.6732872799623387,
        "nauc_ndcg_at_3_std": 0.33035774291592435,
        "nauc_ndcg_at_5_diff1": 0.1254740905449584,
        "nauc_ndcg_at_5_max": 0.5983142330970306,
        "nauc_ndcg_at_5_std": 0.27616708984282706,
        "nauc_precision_at_1000_diff1": -0.34574687331506404,
        "nauc_precision_at_1000_max": 0.5024920581333827,
        "nauc_precision_at_1000_std": 0.6236660790892882,
        "nauc_precision_at_100_diff1": -0.34652353392693575,
        "nauc_precision_at_100_max": 0.5223806452077405,
        "nauc_precision_at_100_std": 0.6372701964999352,
        "nauc_precision_at_10_diff1": -0.34623078901172455,
        "nauc_precision_at_10_max": 0.5741634170875397,
        "nauc_precision_at_10_std": 0.5801492720582335,
        "nauc_precision_at_1_diff1": 0.4809957145802368,
        "nauc_precision_at_1_max": 0.7862601219349934,
        "nauc_precision_at_1_std": 0.36409909391009343,
        "nauc_precision_at_20_diff1": -0.3486826039648137,
        "nauc_precision_at_20_max": 0.5534100162654496,
        "nauc_precision_at_20_std": 0.6232121119529314,
        "nauc_precision_at_3_diff1": -0.282161711229329,
        "nauc_precision_at_3_max": 0.6796630406705793,
        "nauc_precision_at_3_std": 0.48920378770235445,
        "nauc_precision_at_5_diff1": -0.3411272900007316,
        "nauc_precision_at_5_max": 0.6239194435873809,
        "nauc_precision_at_5_std": 0.5275166935919939,
        "nauc_recall_at_1000_diff1": 0.09324090550677425,
        "nauc_recall_at_1000_max": 0.6141793075993874,
        "nauc_recall_at_1000_std": 0.6128590796644551,
        "nauc_recall_at_100_diff1": 0.08222298210597186,
        "nauc_recall_at_100_max": 0.5076360748729591,
        "nauc_recall_at_100_std": 0.4260633043153861,
        "nauc_recall_at_10_diff1": 0.15500547889054034,
        "nauc_recall_at_10_max": 0.27794618594764714,
        "nauc_recall_at_10_std": -0.010244952146289399,
        "nauc_recall_at_1_diff1": 0.5266226003104235,
        "nauc_recall_at_1_max": -0.23977416315585776,
        "nauc_recall_at_1_std": -0.36957889416338374,
        "nauc_recall_at_20_diff1": 0.0963464351362871,
        "nauc_recall_at_20_max": 0.41287480543943234,
        "nauc_recall_at_20_std": 0.19550101635477027,
        "nauc_recall_at_3_diff1": 0.36942654393129815,
        "nauc_recall_at_3_max": -0.1380090170349896,
        "nauc_recall_at_3_std": -0.3626518406292055,
        "nauc_recall_at_5_diff1": 0.2849981644227323,
        "nauc_recall_at_5_max": 0.002660664332788872,
        "nauc_recall_at_5_std": -0.27765445444954545,
        "ndcg_at_1": 0.89273,
        "ndcg_at_10": 0.82824,
        "ndcg_at_100": 0.86594,
        "ndcg_at_1000": 0.87405,
        "ndcg_at_20": 0.84589,
        "ndcg_at_3": 0.8494,
        "ndcg_at_5": 0.83142,
        "precision_at_1": 0.89273,
        "precision_at_10": 0.4098,
        "precision_at_100": 0.04932,
        "precision_at_1000": 0.00513,
        "precision_at_20": 0.22784,
        "precision_at_3": 0.74255,
        "precision_at_5": 0.61813,
        "recall_at_1": 0.27089,
        "recall_at_10": 0.81276,
        "recall_at_100": 0.93618,
        "recall_at_1000": 0.97693,
        "recall_at_20": 0.87228,
        "recall_at_3": 0.54874,
        "recall_at_5": 0.68304
      }
    ]
  },
  "task_name": "T2Retrieval"
}