{
  "dataset_revision": "8731a845f1bf500a4f111cf1070785c793d10e64",
  "evaluation_time": 578.379480600357,
  "kg_co2_emissions": null,
  "mteb_version": "1.12.93",
  "scores": {
    "dev": [
      {
        "hf_subset": "default",
        "languages": [
          "cmn-Hans"
        ],
        "main_score": 0.71542,
        "map_at_1": 0.23906,
        "map_at_10": 0.61826,
        "map_at_100": 0.647,
        "map_at_1000": 0.64822,
        "map_at_20": 0.63838,
        "map_at_3": 0.4535,
        "map_at_5": 0.54557,
        "mrr_at_1": 0.829388041381729,
        "mrr_at_10": 0.8619755092696988,
        "mrr_at_100": 0.863559636220623,
        "mrr_at_1000": 0.8636292296306928,
        "mrr_at_20": 0.8629706188342661,
        "mrr_at_3": 0.8557411303992055,
        "mrr_at_5": 0.8595264188438861,
        "nauc_map_at_1000_diff1": 0.1453752210410389,
        "nauc_map_at_1000_max": 0.4787803873577256,
        "nauc_map_at_1000_std": 0.2614025137536546,
        "nauc_map_at_100_diff1": 0.1453745226932088,
        "nauc_map_at_100_max": 0.47729087925070995,
        "nauc_map_at_100_std": 0.2596638149887567,
        "nauc_map_at_10_diff1": 0.16169009658967226,
        "nauc_map_at_10_max": 0.4192699016139479,
        "nauc_map_at_10_std": 0.17915138953115778,
        "nauc_map_at_1_diff1": 0.4523881181689896,
        "nauc_map_at_1_max": -0.12620656885171125,
        "nauc_map_at_1_std": -0.29084313276957535,
        "nauc_map_at_20_diff1": 0.14761868824006497,
        "nauc_map_at_20_max": 0.4637454881026226,
        "nauc_map_at_20_std": 0.23951532695534536,
        "nauc_map_at_3_diff1": 0.308804883874387,
        "nauc_map_at_3_max": 0.07519095466819264,
        "nauc_map_at_3_std": -0.16906989457724927,
        "nauc_map_at_5_diff1": 0.23505856540583184,
        "nauc_map_at_5_max": 0.2416448840300466,
        "nauc_map_at_5_std": -0.019975857590122142,
        "nauc_mrr_at_1000_diff1": 0.5237176133741598,
        "nauc_mrr_at_1000_max": 0.8078074691281548,
        "nauc_mrr_at_1000_std": 0.4794815214114966,
        "nauc_mrr_at_100_diff1": 0.5236688175268197,
        "nauc_mrr_at_100_max": 0.8078493962997665,
        "nauc_mrr_at_100_std": 0.47959165882154287,
        "nauc_mrr_at_10_diff1": 0.5234401919523886,
        "nauc_mrr_at_10_max": 0.8082814266053524,
        "nauc_mrr_at_10_std": 0.47967263113462444,
        "nauc_mrr_at_1_diff1": 0.5292945928754528,
        "nauc_mrr_at_1_max": 0.7823775870633528,
        "nauc_mrr_at_1_std": 0.43303559752452037,
        "nauc_mrr_at_20_diff1": 0.5236630525333555,
        "nauc_mrr_at_20_max": 0.8080501477463988,
        "nauc_mrr_at_20_std": 0.4796808139328561,
        "nauc_mrr_at_3_diff1": 0.523917934090839,
        "nauc_mrr_at_3_max": 0.805455405021621,
        "nauc_mrr_at_3_std": 0.47202284705312153,
        "nauc_mrr_at_5_diff1": 0.523237044308395,
        "nauc_mrr_at_5_max": 0.8075368547048433,
        "nauc_mrr_at_5_std": 0.47789113219878826,
        "nauc_ndcg_at_1000_diff1": 0.1934815397966474,
        "nauc_ndcg_at_1000_max": 0.576488387854049,
        "nauc_ndcg_at_1000_std": 0.37334023779199843,
        "nauc_ndcg_at_100_diff1": 0.18849901957680476,
        "nauc_ndcg_at_100_max": 0.5614680920282961,
        "nauc_ndcg_at_100_std": 0.3586086491659025,
        "nauc_ndcg_at_10_diff1": 0.1830792765345666,
        "nauc_ndcg_at_10_max": 0.5302778404754319,
        "nauc_ndcg_at_10_std": 0.30147411844836747,
        "nauc_ndcg_at_1_diff1": 0.5292945928754528,
        "nauc_ndcg_at_1_max": 0.7823775870633528,
        "nauc_ndcg_at_1_std": 0.43303559752452037,
        "nauc_ndcg_at_20_diff1": 0.18733073482068896,
        "nauc_ndcg_at_20_max": 0.5359702982497122,
        "nauc_ndcg_at_20_std": 0.31684220466086677,
        "nauc_ndcg_at_3_diff1": 0.1818215928408369,
        "nauc_ndcg_at_3_max": 0.6792787055324793,
        "nauc_ndcg_at_3_std": 0.41705544196951233,
        "nauc_ndcg_at_5_diff1": 0.16080604286313901,
        "nauc_ndcg_at_5_max": 0.6140715048929314,
        "nauc_ndcg_at_5_std": 0.37584794365840707,
        "nauc_precision_at_1000_diff1": -0.21428715414402263,
        "nauc_precision_at_1000_max": 0.5309093453373699,
        "nauc_precision_at_1000_std": 0.6327140160178971,
        "nauc_precision_at_100_diff1": -0.21361684278083523,
        "nauc_precision_at_100_max": 0.5568755276520899,
        "nauc_precision_at_100_std": 0.6441869420314968,
        "nauc_precision_at_10_diff1": -0.20353971649431574,
        "nauc_precision_at_10_max": 0.6084885765037147,
        "nauc_precision_at_10_std": 0.6107033769378989,
        "nauc_precision_at_1_diff1": 0.5292945928754528,
        "nauc_precision_at_1_max": 0.7823775870633528,
        "nauc_precision_at_1_std": 0.43303559752452037,
        "nauc_precision_at_20_diff1": -0.2107938260958923,
        "nauc_precision_at_20_max": 0.5908528058109469,
        "nauc_precision_at_20_std": 0.6365932975195991,
        "nauc_precision_at_3_diff1": -0.08659003110715638,
        "nauc_precision_at_3_max": 0.685241157957624,
        "nauc_precision_at_3_std": 0.5222750513005764,
        "nauc_precision_at_5_diff1": -0.1650551838737621,
        "nauc_precision_at_5_max": 0.6430530758438128,
        "nauc_precision_at_5_std": 0.5599995106740511,
        "nauc_recall_at_1000_diff1": 0.07064158002816712,
        "nauc_recall_at_1000_max": 0.3825963839060494,
        "nauc_recall_at_1000_std": 0.37966757325436057,
        "nauc_recall_at_100_diff1": 0.0786060348504394,
        "nauc_recall_at_100_max": 0.3906117379267591,
        "nauc_recall_at_100_std": 0.3318806227585997,
        "nauc_recall_at_10_diff1": 0.12471324688356343,
        "nauc_recall_at_10_max": 0.341951052088197,
        "nauc_recall_at_10_std": 0.15607256335505054,
        "nauc_recall_at_1_diff1": 0.4523881181689896,
        "nauc_recall_at_1_max": -0.12620656885171125,
        "nauc_recall_at_1_std": -0.29084313276957535,
        "nauc_recall_at_20_diff1": 0.0998882665174544,
        "nauc_recall_at_20_max": 0.3868140709580142,
        "nauc_recall_at_20_std": 0.24767245438083677,
        "nauc_recall_at_3_diff1": 0.28557595163525656,
        "nauc_recall_at_3_max": 0.03224678670585836,
        "nauc_recall_at_3_std": -0.19211253894070818,
        "nauc_recall_at_5_diff1": 0.2095052696363898,
        "nauc_recall_at_5_max": 0.17543599020053038,
        "nauc_recall_at_5_std": -0.05521307012974341,
        "ndcg_at_1": 0.82939,
        "ndcg_at_10": 0.71542,
        "ndcg_at_100": 0.75382,
        "ndcg_at_1000": 0.76794,
        "ndcg_at_20": 0.73078,
        "ndcg_at_3": 0.76036,
        "ndcg_at_5": 0.72991,
        "precision_at_1": 0.82939,
        "precision_at_10": 0.34846,
        "precision_at_100": 0.04283,
        "precision_at_1000": 0.00465,
        "precision_at_20": 0.19315,
        "precision_at_3": 0.66407,
        "precision_at_5": 0.54043,
        "recall_at_1": 0.23906,
        "recall_at_10": 0.68685,
        "recall_at_100": 0.817,
        "recall_at_1000": 0.88735,
        "recall_at_20": 0.74206,
        "recall_at_3": 0.47147,
        "recall_at_5": 0.58126
      }
    ]
  },
  "task_name": "T2Retrieval"
}