{
  "dataset_revision": "8731a845f1bf500a4f111cf1070785c793d10e64",
  "evaluation_time": 398.26738929748535,
  "kg_co2_emissions": null,
  "mteb_version": "1.12.93",
  "scores": {
    "dev": [
      {
        "hf_subset": "default",
        "languages": [
          "cmn-Hans"
        ],
        "main_score": 0.82921,
        "map_at_1": 0.26889,
        "map_at_10": 0.75048,
        "map_at_100": 0.7875,
        "map_at_1000": 0.78827,
        "map_at_20": 0.77811,
        "map_at_3": 0.52873,
        "map_at_5": 0.64913,
        "mrr_at_1": 0.8907154129405576,
        "mrr_at_10": 0.9158322235025289,
        "mrr_at_100": 0.9168573422714548,
        "mrr_at_1000": 0.9168998588445291,
        "mrr_at_20": 0.9165256364672147,
        "mrr_at_3": 0.9110628908761453,
        "mrr_at_5": 0.9139802150914723,
        "nauc_map_at_1000_diff1": 0.15036864294157642,
        "nauc_map_at_1000_max": 0.5207807752346897,
        "nauc_map_at_1000_std": 0.21800039397402826,
        "nauc_map_at_100_diff1": 0.15032558327911785,
        "nauc_map_at_100_max": 0.5196666422896038,
        "nauc_map_at_100_std": 0.2175281885404503,
        "nauc_map_at_10_diff1": 0.18294957742771575,
        "nauc_map_at_10_max": 0.39682102663458746,
        "nauc_map_at_10_std": 0.07681882279849098,
        "nauc_map_at_1_diff1": 0.5026803705067868,
        "nauc_map_at_1_max": -0.22378310892262482,
        "nauc_map_at_1_std": -0.3072184710351537,
        "nauc_map_at_20_diff1": 0.1535367563565773,
        "nauc_map_at_20_max": 0.49439285768207447,
        "nauc_map_at_20_std": 0.1855615285129374,
        "nauc_map_at_3_diff1": 0.36342611634877436,
        "nauc_map_at_3_max": -0.07439197324021153,
        "nauc_map_at_3_std": -0.26461011915600496,
        "nauc_map_at_5_diff1": 0.28808083888389213,
        "nauc_map_at_5_max": 0.10538832773514872,
        "nauc_map_at_5_std": -0.1604532688512086,
        "nauc_mrr_at_1000_diff1": 0.5083639204898692,
        "nauc_mrr_at_1000_max": 0.8372529056811262,
        "nauc_mrr_at_1000_std": 0.43395060016363557,
        "nauc_mrr_at_100_diff1": 0.5084021817785465,
        "nauc_mrr_at_100_max": 0.8373157714242793,
        "nauc_mrr_at_100_std": 0.43408041156081123,
        "nauc_mrr_at_10_diff1": 0.5084825064861443,
        "nauc_mrr_at_10_max": 0.8381937579996401,
        "nauc_mrr_at_10_std": 0.434852295857383,
        "nauc_mrr_at_1_diff1": 0.5074098097367801,
        "nauc_mrr_at_1_max": 0.8079165521518125,
        "nauc_mrr_at_1_std": 0.38143538647258574,
        "nauc_mrr_at_20_diff1": 0.50850965001599,
        "nauc_mrr_at_20_max": 0.8376952098763246,
        "nauc_mrr_at_20_std": 0.4347567651348229,
        "nauc_mrr_at_3_diff1": 0.509705307846413,
        "nauc_mrr_at_3_max": 0.8380499346255402,
        "nauc_mrr_at_3_std": 0.4312724028146326,
        "nauc_mrr_at_5_diff1": 0.5070251426865372,
        "nauc_mrr_at_5_max": 0.8384704329856181,
        "nauc_mrr_at_5_std": 0.4345428953231233,
        "nauc_ndcg_at_1000_diff1": 0.2065813118096333,
        "nauc_ndcg_at_1000_max": 0.6400097984143074,
        "nauc_ndcg_at_1000_std": 0.3362893900679228,
        "nauc_ndcg_at_100_diff1": 0.20177171178195435,
        "nauc_ndcg_at_100_max": 0.6286342512256472,
        "nauc_ndcg_at_100_std": 0.3366903558411216,
        "nauc_ndcg_at_10_diff1": 0.19133418926789925,
        "nauc_ndcg_at_10_max": 0.5420879537912999,
        "nauc_ndcg_at_10_std": 0.22846875326084654,
        "nauc_ndcg_at_1_diff1": 0.5074098097367801,
        "nauc_ndcg_at_1_max": 0.8079165521518125,
        "nauc_ndcg_at_1_std": 0.38143538647258574,
        "nauc_ndcg_at_20_diff1": 0.19498220638682634,
        "nauc_ndcg_at_20_max": 0.5765957877776348,
        "nauc_ndcg_at_20_std": 0.2735523397547164,
        "nauc_ndcg_at_3_diff1": 0.16656756273643278,
        "nauc_ndcg_at_3_max": 0.6913773777333572,
        "nauc_ndcg_at_3_std": 0.3357763202133902,
        "nauc_ndcg_at_5_diff1": 0.15693820794670868,
        "nauc_ndcg_at_5_max": 0.6222014934097848,
        "nauc_ndcg_at_5_std": 0.2880420144758389,
        "nauc_precision_at_1000_diff1": -0.3007150246576126,
        "nauc_precision_at_1000_max": 0.5000365224326607,
        "nauc_precision_at_1000_std": 0.539921892697163,
        "nauc_precision_at_100_diff1": -0.2991262275261874,
        "nauc_precision_at_100_max": 0.5207680443782046,
        "nauc_precision_at_100_std": 0.5579345873835123,
        "nauc_precision_at_10_diff1": -0.3004423605649776,
        "nauc_precision_at_10_max": 0.5781326473311011,
        "nauc_precision_at_10_std": 0.5146752556224122,
        "nauc_precision_at_1_diff1": 0.5074098097367801,
        "nauc_precision_at_1_max": 0.8079165521518125,
        "nauc_precision_at_1_std": 0.38143538647258574,
        "nauc_precision_at_20_diff1": -0.30139912140124264,
        "nauc_precision_at_20_max": 0.5539349240822584,
        "nauc_precision_at_20_std": 0.5489361178155503,
        "nauc_precision_at_3_diff1": -0.23662857146995042,
        "nauc_precision_at_3_max": 0.6843610879866933,
        "nauc_precision_at_3_std": 0.4533810154246426,
        "nauc_precision_at_5_diff1": -0.29258894281701653,
        "nauc_precision_at_5_max": 0.6303671087781867,
        "nauc_precision_at_5_std": 0.4766671404350978,
        "nauc_recall_at_1000_diff1": 0.10902348033000656,
        "nauc_recall_at_1000_max": 0.6256729029877632,
        "nauc_recall_at_1000_std": 0.6488155498591068,
        "nauc_recall_at_100_diff1": 0.11350940508942994,
        "nauc_recall_at_100_max": 0.532853350459228,
        "nauc_recall_at_100_std": 0.47676328638908416,
        "nauc_recall_at_10_diff1": 0.1640354123786496,
        "nauc_recall_at_10_max": 0.29115269221415935,
        "nauc_recall_at_10_std": 0.033768778072250094,
        "nauc_recall_at_1_diff1": 0.5026803705067868,
        "nauc_recall_at_1_max": -0.22378310892262482,
        "nauc_recall_at_1_std": -0.3072184710351537,
        "nauc_recall_at_20_diff1": 0.12070349729234778,
        "nauc_recall_at_20_max": 0.4259571531151775,
        "nauc_recall_at_20_std": 0.2272381108184253,
        "nauc_recall_at_3_diff1": 0.34639878280498554,
        "nauc_recall_at_3_max": -0.12206848620770017,
        "nauc_recall_at_3_std": -0.28680919594634313,
        "nauc_recall_at_5_diff1": 0.27021867612468364,
        "nauc_recall_at_5_max": 0.014341227492747933,
        "nauc_recall_at_5_std": -0.20915695479192722,
        "ndcg_at_1": 0.89072,
        "ndcg_at_10": 0.82921,
        "ndcg_at_100": 0.86811,
        "ndcg_at_1000": 0.87569,
        "ndcg_at_20": 0.84769,
        "ndcg_at_3": 0.84561,
        "ndcg_at_5": 0.83009,
        "precision_at_1": 0.89072,
        "precision_at_10": 0.412,
        "precision_at_100": 0.04972,
        "precision_at_1000": 0.00515,
        "precision_at_20": 0.22954,
        "precision_at_3": 0.7397,
        "precision_at_5": 0.6187,
        "recall_at_1": 0.26889,
        "recall_at_10": 0.81743,
        "recall_at_100": 0.94345,
        "recall_at_1000": 0.98212,
        "recall_at_20": 0.87861,
        "recall_at_3": 0.54563,
        "recall_at_5": 0.68369
      }
    ]
  },
  "task_name": "T2Retrieval"
}