{
  "dataset_revision": "8731a845f1bf500a4f111cf1070785c793d10e64",
  "evaluation_time": 2170.9978177547455,
  "kg_co2_emissions": null,
  "mteb_version": "1.12.93",
  "scores": {
    "dev": [
      {
        "hf_subset": "default",
        "languages": [
          "cmn-Hans"
        ],
        "main_score": 0.80492,
        "map_at_1": 0.26048,
        "map_at_10": 0.72154,
        "map_at_100": 0.75876,
        "map_at_1000": 0.7597,
        "map_at_20": 0.74894,
        "map_at_3": 0.5105,
        "map_at_5": 0.62504,
        "mrr_at_1": 0.8697615290198142,
        "mrr_at_10": 0.9002185044629829,
        "mrr_at_100": 0.9014240136499899,
        "mrr_at_1000": 0.9014749332322566,
        "mrr_at_20": 0.9010025656943724,
        "mrr_at_3": 0.8944196037173407,
        "mrr_at_5": 0.8980536559705432,
        "nauc_map_at_1000_diff1": 0.15883568818986263,
        "nauc_map_at_1000_max": 0.5140528219899033,
        "nauc_map_at_1000_std": 0.19365694861281676,
        "nauc_map_at_100_diff1": 0.15887310291629123,
        "nauc_map_at_100_max": 0.5127868436662677,
        "nauc_map_at_100_std": 0.19267678572054583,
        "nauc_map_at_10_diff1": 0.1906988434273215,
        "nauc_map_at_10_max": 0.40913711688486104,
        "nauc_map_at_10_std": 0.06537448645590738,
        "nauc_map_at_1_diff1": 0.5069360970716911,
        "nauc_map_at_1_max": -0.18899008081263252,
        "nauc_map_at_1_std": -0.3221277110609263,
        "nauc_map_at_20_diff1": 0.1632630770501838,
        "nauc_map_at_20_max": 0.49125897538336155,
        "nauc_map_at_20_std": 0.1632574409172652,
        "nauc_map_at_3_diff1": 0.3669572208969379,
        "nauc_map_at_3_max": -0.025155563225060493,
        "nauc_map_at_3_std": -0.2692088627003357,
        "nauc_map_at_5_diff1": 0.2900249946340812,
        "nauc_map_at_5_max": 0.15027767602438838,
        "nauc_map_at_5_std": -0.15848223414916124,
        "nauc_mrr_at_1000_diff1": 0.48658044530727523,
        "nauc_mrr_at_1000_max": 0.7990841763397599,
        "nauc_mrr_at_1000_std": 0.38531448912314886,
        "nauc_mrr_at_100_diff1": 0.4865985582912121,
        "nauc_mrr_at_100_max": 0.7991543854386939,
        "nauc_mrr_at_100_std": 0.3854541117053998,
        "nauc_mrr_at_10_diff1": 0.48616677347711396,
        "nauc_mrr_at_10_max": 0.7998399746785966,
        "nauc_mrr_at_10_std": 0.3861583059814448,
        "nauc_mrr_at_1_diff1": 0.49064668439379594,
        "nauc_mrr_at_1_max": 0.7684265800939343,
        "nauc_mrr_at_1_std": 0.3289877605086464,
        "nauc_mrr_at_20_diff1": 0.4862868741921542,
        "nauc_mrr_at_20_max": 0.7995691936236949,
        "nauc_mrr_at_20_std": 0.3859745044955436,
        "nauc_mrr_at_3_diff1": 0.4857177799844966,
        "nauc_mrr_at_3_max": 0.7988285411635413,
        "nauc_mrr_at_3_std": 0.38138327104285946,
        "nauc_mrr_at_5_diff1": 0.4858179298672687,
        "nauc_mrr_at_5_max": 0.8005228782889,
        "nauc_mrr_at_5_std": 0.3863233857349073,
        "nauc_ndcg_at_1000_diff1": 0.20789117858801134,
        "nauc_ndcg_at_1000_max": 0.62617146005561,
        "nauc_ndcg_at_1000_std": 0.3118472271395647,
        "nauc_ndcg_at_100_diff1": 0.2029997918090404,
        "nauc_ndcg_at_100_max": 0.6135811158801625,
        "nauc_ndcg_at_100_std": 0.3078328160975323,
        "nauc_ndcg_at_10_diff1": 0.19791253093447359,
        "nauc_ndcg_at_10_max": 0.538313380222448,
        "nauc_ndcg_at_10_std": 0.20298917871996575,
        "nauc_ndcg_at_1_diff1": 0.49064668439379594,
        "nauc_ndcg_at_1_max": 0.7684265800939343,
        "nauc_ndcg_at_1_std": 0.3289877605086464,
        "nauc_ndcg_at_20_diff1": 0.1996662114920001,
        "nauc_ndcg_at_20_max": 0.5696708749390441,
        "nauc_ndcg_at_20_std": 0.24819777798408268,
        "nauc_ndcg_at_3_diff1": 0.1758063128893008,
        "nauc_ndcg_at_3_max": 0.6691381518181946,
        "nauc_ndcg_at_3_std": 0.3107947832250507,
        "nauc_ndcg_at_5_diff1": 0.16681213985320562,
        "nauc_ndcg_at_5_max": 0.605825753824742,
        "nauc_ndcg_at_5_std": 0.26587731219608984,
        "nauc_precision_at_1000_diff1": -0.29979681969492633,
        "nauc_precision_at_1000_max": 0.4771662900146606,
        "nauc_precision_at_1000_std": 0.5595542406017907,
        "nauc_precision_at_100_diff1": -0.2987874739712153,
        "nauc_precision_at_100_max": 0.5026706599798109,
        "nauc_precision_at_100_std": 0.5763647170717406,
        "nauc_precision_at_10_diff1": -0.2906641750543499,
        "nauc_precision_at_10_max": 0.5673569318158397,
        "nauc_precision_at_10_std": 0.5269682115807316,
        "nauc_precision_at_1_diff1": 0.49064668439379594,
        "nauc_precision_at_1_max": 0.7684265800939343,
        "nauc_precision_at_1_std": 0.3289877605086464,
        "nauc_precision_at_20_diff1": -0.2963506925377765,
        "nauc_precision_at_20_max": 0.5411628020225586,
        "nauc_precision_at_20_std": 0.5642659107152072,
        "nauc_precision_at_3_diff1": -0.19804350361744824,
        "nauc_precision_at_3_max": 0.6656519891681288,
        "nauc_precision_at_3_std": 0.4429016647650199,
        "nauc_precision_at_5_diff1": -0.27091263221371836,
        "nauc_precision_at_5_max": 0.6167445231116835,
        "nauc_precision_at_5_std": 0.4824689991216648,
        "nauc_recall_at_1000_diff1": 0.1167050983594816,
        "nauc_recall_at_1000_max": 0.5974203847848157,
        "nauc_recall_at_1000_std": 0.5964002109510874,
        "nauc_recall_at_100_diff1": 0.11456038371007382,
        "nauc_recall_at_100_max": 0.5123194232561914,
        "nauc_recall_at_100_std": 0.41992890728607957,
        "nauc_recall_at_10_diff1": 0.17095521725077978,
        "nauc_recall_at_10_max": 0.32135001641707617,
        "nauc_recall_at_10_std": 0.029697223642245026,
        "nauc_recall_at_1_diff1": 0.5069360970716911,
        "nauc_recall_at_1_max": -0.18899008081263252,
        "nauc_recall_at_1_std": -0.3221277110609263,
        "nauc_recall_at_20_diff1": 0.12730005276878545,
        "nauc_recall_at_20_max": 0.4355579931835505,
        "nauc_recall_at_20_std": 0.20678447963167862,
        "nauc_recall_at_3_diff1": 0.3482802569621939,
        "nauc_recall_at_3_max": -0.06882605564695647,
        "nauc_recall_at_3_std": -0.28775035080166583,
        "nauc_recall_at_5_diff1": 0.2753975201622831,
        "nauc_recall_at_5_max": 0.07079746842067958,
        "nauc_recall_at_5_std": -0.1995334342370966,
        "ndcg_at_1": 0.86976,
        "ndcg_at_10": 0.80492,
        "ndcg_at_100": 0.84697,
        "ndcg_at_1000": 0.85634,
        "ndcg_at_20": 0.82459,
        "ndcg_at_3": 0.82359,
        "ndcg_at_5": 0.80654,
        "precision_at_1": 0.86976,
        "precision_at_10": 0.39974,
        "precision_at_100": 0.04891,
        "precision_at_1000": 0.00512,
        "precision_at_20": 0.22377,
        "precision_at_3": 0.72066,
        "precision_at_5": 0.60104,
        "recall_at_1": 0.26048,
        "recall_at_10": 0.79283,
        "recall_at_100": 0.92843,
        "recall_at_1000": 0.97538,
        "recall_at_20": 0.85716,
        "recall_at_3": 0.52831,
        "recall_at_5": 0.66175
      }
    ]
  },
  "task_name": "T2Retrieval"
}